"Trt","Rep","Study_day","Stage","Donor","Study_con","Sample_name","ADH_ambient","ADH_internal","ADH_soil","parameter","value"
"Control","CON","0","Initial","SP1","con","CON_0",0,0,0,"Gravimetric_moisture",0.4485975395625
"Control","CON","0","Initial","SP1","con","CON_0",0,0,0,"pH",7.366875
"Control","CON","0","Initial","SP1","con","CON_0",0,0,0,"EC",32.09
"Control","CON","0","Initial","SP1","con","CON_0",0,0,0,"DO",97.7666666666667
"Control","CON","0","Initial","SP1","con","CON_0",0,0,0,"CO2_umol_gdw",3.26051404279167
"Control","CON","0","Initial","SP1","con","CON_0",0,0,0,"CO2_ug_gdw",39.1261685114583
"Control","CON","0","Initial","SP1","con","CON_0",0,0,0,"NH4_mg_gdw",0.00967926420833333
"Control","CON","0","Initial","SP1","con","CON_0",0,0,0,"NH4_ug_gdw",9.67926418895833
"Control","CON","0","Initial","SP1","con","CON_0",0,0,0,"NO3_mg_gdw",0.00732576435416667
"Control","CON","0","Initial","SP1","con","CON_0",0,0,0,"NO3_ug_gdw",7.32576436389583
"Control","CON","0","Initial","SP1","con","CON_0",0,0,0,"N_percent",0.400208333333333
"Control","CON","0","Initial","SP1","con","CON_0",0,0,0,"C_percent",5.4613125
"Control","CON","0","Initial","SP1","con","CON_0",0,0,0,"CN_ratio",13.5686104166667
"Control","CON","0","Initial","SP1","con","CON_0",0,0,0,"temp_ambient",28.1
"Control","CON","0","Initial","SP1","con","CON_0",0,0,0,"temp_soil",22.9
"Decomposition","SP1","0","Initial","SP1","d.0","SP1_0",0,0,0,"Gravimetric_moisture",0.4083767205625
"Decomposition","SP1","0","Initial","SP1","d.0","SP1_0",0,0,0,"pH",7.503125
"Decomposition","SP1","0","Initial","SP1","d.0","SP1_0",0,0,0,"EC",18.748125
"Decomposition","SP1","0","Initial","SP1","d.0","SP1_0",0,0,0,"DO",96.7
"Decomposition","SP1","0","Initial","SP1","d.0","SP1_0",0,0,0,"CO2_umol_gdw",2.7024706265
"Decomposition","SP1","0","Initial","SP1","d.0","SP1_0",0,0,0,"CO2_ug_gdw",32.429647510625
"Decomposition","SP1","0","Initial","SP1","d.0","SP1_0",0,0,0,"NH4_mg_gdw",0.0079988306875
"Decomposition","SP1","0","Initial","SP1","d.0","SP1_0",0,0,0,"NH4_ug_gdw",7.998830628125
"Decomposition","SP1","0","Initial","SP1","d.0","SP1_0",0,0,0,"NO3_mg_gdw",0.0066068098125
"Decomposition","SP1","0","Initial","SP1","d.0","SP1_0",0,0,0,"NO3_ug_gdw",6.6068096259375
"Decomposition","SP1","0","Initial","SP1","d.0","SP1_0",0,0,0,"N_percent",0.481125
"Decomposition","SP1","0","Initial","SP1","d.0","SP1_0",0,0,0,"C_percent",6.3879375
"Decomposition","SP1","0","Initial","SP1","d.0","SP1_0",0,0,0,"CN_ratio",13.2059875
"Decomposition","SP1","0","Initial","SP1","d.0","SP1_0",0,0,0,"temp_ambient",28.1
"Decomposition","SP1","0","Initial","SP1","d.0","SP1_0",0,0,0,"temp_soil",15.8999996185303
"Decomposition","SP2","0","Initial","SP2","d.0","SP2_0",0,0,0,"Gravimetric_moisture",0.3667178474375
"Decomposition","SP2","0","Initial","SP2","d.0","SP2_0",0,0,0,"pH",7.364375
"Decomposition","SP2","0","Initial","SP2","d.0","SP2_0",0,0,0,"EC",43.59
"Decomposition","SP2","0","Initial","SP2","d.0","SP2_0",0,0,0,"DO",98
"Decomposition","SP2","0","Initial","SP2","d.0","SP2_0",0,0,0,"CO2_umol_gdw",2.136441232125
"Decomposition","SP2","0","Initial","SP2","d.0","SP2_0",0,0,0,"CO2_ug_gdw",25.637294781875
"Decomposition","SP2","0","Initial","SP2","d.0","SP2_0",0,0,0,"NH4_mg_gdw",0.0085369935
"Decomposition","SP2","0","Initial","SP2","d.0","SP2_0",0,0,0,"NH4_ug_gdw",8.536993186875
"Decomposition","SP2","0","Initial","SP2","d.0","SP2_0",0,0,0,"NO3_mg_gdw",0.008508159875
"Decomposition","SP2","0","Initial","SP2","d.0","SP2_0",0,0,0,"NO3_ug_gdw",8.508160266125
"Decomposition","SP2","0","Initial","SP2","d.0","SP2_0",0,0,0,"N_percent",0.322375
"Decomposition","SP2","0","Initial","SP2","d.0","SP2_0",0,0,0,"C_percent",4.3533125
"Decomposition","SP2","0","Initial","SP2","d.0","SP2_0",0,0,0,"CN_ratio",13.42063125
"Decomposition","SP2","0","Initial","SP2","d.0","SP2_0",0,0,0,"temp_ambient",28.1
"Decomposition","SP2","0","Initial","SP2","d.0","SP2_0",0,0,0,"temp_soil",7
"Decomposition","SP3","0","Initial","SP3","d.0","SP3_0",0,0,0,"Gravimetric_moisture",0.4348213140625
"Decomposition","SP3","0","Initial","SP3","d.0","SP3_0",0,0,0,"pH",7.150625
"Decomposition","SP3","0","Initial","SP3","d.0","SP3_0",0,0,0,"EC",62.9875
"Decomposition","SP3","0","Initial","SP3","d.0","SP3_0",0,0,0,"DO",97.1
"Decomposition","SP3","0","Initial","SP3","d.0","SP3_0",0,0,0,"CO2_umol_gdw",2.989859471
"Decomposition","SP3","0","Initial","SP3","d.0","SP3_0",0,0,0,"CO2_ug_gdw",35.87831365375
"Decomposition","SP3","0","Initial","SP3","d.0","SP3_0",0,0,0,"NH4_mg_gdw",0.012885565875
"Decomposition","SP3","0","Initial","SP3","d.0","SP3_0",0,0,0,"NH4_ug_gdw",12.8855656
"Decomposition","SP3","0","Initial","SP3","d.0","SP3_0",0,0,0,"NO3_mg_gdw",0.011531183375
"Decomposition","SP3","0","Initial","SP3","d.0","SP3_0",0,0,0,"NO3_ug_gdw",11.5311830803125
"Decomposition","SP3","0","Initial","SP3","d.0","SP3_0",0,0,0,"N_percent",0.4239375
"Decomposition","SP3","0","Initial","SP3","d.0","SP3_0",0,0,0,"C_percent",5.6624375
"Decomposition","SP3","0","Initial","SP3","d.0","SP3_0",0,0,0,"CN_ratio",13.2710875
"Decomposition","SP3","0","Initial","SP3","d.0","SP3_0",0,0,0,"temp_ambient",28.1
"Decomposition","SP3","0","Initial","SP3","d.0","SP3_0",0,0,0,"temp_soil",20.7000007629395
"Control","CON","12","Active","SP1","con","CON_12",6036,5352,5362,"Gravimetric_moisture",0.344247474104167
"Control","CON","12","Active","SP1","con","CON_12",6036,5352,5362,"pH",7.305625
"Control","CON","12","Active","SP1","con","CON_12",6036,5352,5362,"EC",48.73
"Control","CON","12","Active","SP1","con","CON_12",6036,5352,5362,"DO",100.1
"Control","CON","12","Active","SP1","con","CON_12",6036,5352,5362,"CO2_umol_gdw",2.0466575273125
"Control","CON","12","Active","SP1","con","CON_12",6036,5352,5362,"CO2_ug_gdw",24.5598903304167
"Control","CON","12","Active","SP1","con","CON_12",6036,5352,5362,"NH4_mg_gdw",0.0102299276458333
"Control","CON","12","Active","SP1","con","CON_12",6036,5352,5362,"NH4_ug_gdw",10.2299276258333
"Control","CON","12","Active","SP1","con","CON_12",6036,5352,5362,"NO3_mg_gdw",0.00816326747916667
"Control","CON","12","Active","SP1","con","CON_12",6036,5352,5362,"NO3_ug_gdw",8.16326733697917
"Control","CON","12","Active","SP1","con","CON_12",6036,5352,5362,"N_percent",0.568166666666667
"Control","CON","12","Active","SP1","con","CON_12",6036,5352,5362,"C_percent",7.28789583333333
"Control","CON","12","Active","SP1","con","CON_12",6036,5352,5362,"CN_ratio",12.6947958333333
"Control","CON","12","Active","SP1","con","CON_12",6036,5352,5362,"temp_ambient",20
"Control","CON","12","Active","SP1","con","CON_12",6036,5352,5362,"temp_soil",19.3999996185303
"Decomposition","SP1","12","Active","SP1","d.12","SP1_12",6036,5352,5362,"Gravimetric_moisture",0.3407379515
"Decomposition","SP1","12","Active","SP1","d.12","SP1_12",6036,5352,5362,"pH",6.535625
"Decomposition","SP1","12","Active","SP1","d.12","SP1_12",6036,5352,5362,"EC",173.8006875
"Decomposition","SP1","12","Active","SP1","d.12","SP1_12",6036,5352,5362,"DO",38.8
"Decomposition","SP1","12","Active","SP1","d.12","SP1_12",6036,5352,5362,"CO2_umol_gdw",42.330493989375
"Decomposition","SP1","12","Active","SP1","d.12","SP1_12",6036,5352,5362,"CO2_ug_gdw",507.96592793125
"Decomposition","SP1","12","Active","SP1","d.12","SP1_12",6036,5352,5362,"NH4_mg_gdw",0.710172691
"Decomposition","SP1","12","Active","SP1","d.12","SP1_12",6036,5352,5362,"NH4_ug_gdw",710.1726908125
"Decomposition","SP1","12","Active","SP1","d.12","SP1_12",6036,5352,5362,"NO3_mg_gdw",0.0026274008125
"Decomposition","SP1","12","Active","SP1","d.12","SP1_12",6036,5352,5362,"NO3_ug_gdw",2.627400602625
"Decomposition","SP1","12","Active","SP1","d.12","SP1_12",6036,5352,5362,"N_percent",0.4705625
"Decomposition","SP1","12","Active","SP1","d.12","SP1_12",6036,5352,5362,"C_percent",9.8036875
"Decomposition","SP1","12","Active","SP1","d.12","SP1_12",6036,5352,5362,"CN_ratio",20.2528375
"Decomposition","SP1","12","Active","SP1","d.12","SP1_12",6036,5352,5362,"temp_ambient",20
"Decomposition","SP1","12","Active","SP1","d.12","SP1_12",6036,5352,5362,"temp_soil",28.7
"Decomposition","SP2","12","Active","SP2","d.12","SP2_12",6036,5352,5362,"Gravimetric_moisture",0.15865458325
"Decomposition","SP2","12","Active","SP2","d.12","SP2_12",6036,5352,5362,"pH",6.610625
"Decomposition","SP2","12","Active","SP2","d.12","SP2_12",6036,5352,5362,"EC",582.0130625
"Decomposition","SP2","12","Active","SP2","d.12","SP2_12",6036,5352,5362,"DO",29
"Decomposition","SP2","12","Active","SP2","d.12","SP2_12",6036,5352,5362,"CO2_umol_gdw",37.61521068375
"Decomposition","SP2","12","Active","SP2","d.12","SP2_12",6036,5352,5362,"CO2_ug_gdw",451.3825281875
"Decomposition","SP2","12","Active","SP2","d.12","SP2_12",6036,5352,5362,"NH4_mg_gdw",0.6402323575625
"Decomposition","SP2","12","Active","SP2","d.12","SP2_12",6036,5352,5362,"NH4_ug_gdw",640.23235746875
"Decomposition","SP2","12","Active","SP2","d.12","SP2_12",6036,5352,5362,"NO3_mg_gdw",0.004677450125
"Decomposition","SP2","12","Active","SP2","d.12","SP2_12",6036,5352,5362,"NO3_ug_gdw",4.6774505670625
"Decomposition","SP2","12","Active","SP2","d.12","SP2_12",6036,5352,5362,"N_percent",0.57525
"Decomposition","SP2","12","Active","SP2","d.12","SP2_12",6036,5352,5362,"C_percent",8.59825
"Decomposition","SP2","12","Active","SP2","d.12","SP2_12",6036,5352,5362,"CN_ratio",14.32480625
"Decomposition","SP2","12","Active","SP2","d.12","SP2_12",6036,5352,5362,"temp_ambient",20
"Decomposition","SP2","12","Active","SP2","d.12","SP2_12",6036,5352,5362,"temp_soil",30.1000003814697
"Decomposition","SP3","12","Active","SP3","d.12","SP3_12",6036,5352,5362,"Gravimetric_moisture",0.3637331768125
"Decomposition","SP3","12","Active","SP3","d.12","SP3_12",6036,5352,5362,"pH",6.055
"Decomposition","SP3","12","Active","SP3","d.12","SP3_12",6036,5352,5362,"EC",382.4098125
"Decomposition","SP3","12","Active","SP3","d.12","SP3_12",6036,5352,5362,"DO",48.9
"Decomposition","SP3","12","Active","SP3","d.12","SP3_12",6036,5352,5362,"CO2_umol_gdw",43.344394586875
"Decomposition","SP3","12","Active","SP3","d.12","SP3_12",6036,5352,5362,"CO2_ug_gdw",520.132735075
"Decomposition","SP3","12","Active","SP3","d.12","SP3_12",6036,5352,5362,"NH4_mg_gdw",0.9496824866875
"Decomposition","SP3","12","Active","SP3","d.12","SP3_12",6036,5352,5362,"NH4_ug_gdw",949.6824870625
"Decomposition","SP3","12","Active","SP3","d.12","SP3_12",6036,5352,5362,"NO3_mg_gdw",0.001602000375
"Decomposition","SP3","12","Active","SP3","d.12","SP3_12",6036,5352,5362,"NO3_ug_gdw",1.60200026225
"Decomposition","SP3","12","Active","SP3","d.12","SP3_12",6036,5352,5362,"N_percent",0.6591875
"Decomposition","SP3","12","Active","SP3","d.12","SP3_12",6036,5352,5362,"C_percent",12.94275
"Decomposition","SP3","12","Active","SP3","d.12","SP3_12",6036,5352,5362,"CN_ratio",19.48033125
"Decomposition","SP3","12","Active","SP3","d.12","SP3_12",6036,5352,5362,"temp_ambient",20
"Decomposition","SP3","12","Active","SP3","d.12","SP3_12",6036,5352,5362,"temp_soil",27.2000007629395
"Control","CON","58","Advanced4","SP1","con","CON_58",31864,40296,41581,"Gravimetric_moisture",0.410862540583333
"Control","CON","58","Advanced4","SP1","con","CON_58",31864,40296,41581,"pH",7.314375
"Control","CON","58","Advanced4","SP1","con","CON_58",31864,40296,41581,"EC",39.6652083333333
"Control","CON","58","Advanced4","SP1","con","CON_58",31864,40296,41581,"DO",96.8333333333333
"Control","CON","58","Advanced4","SP1","con","CON_58",31864,40296,41581,"CO2_umol_gdw",2.7353818309375
"Control","CON","58","Advanced4","SP1","con","CON_58",31864,40296,41581,"CO2_ug_gdw",32.8245819697917
"Control","CON","58","Advanced4","SP1","con","CON_58",31864,40296,41581,"NH4_mg_gdw",0.0043463856875
"Control","CON","58","Advanced4","SP1","con","CON_58",31864,40296,41581,"NH4_ug_gdw",4.34638572864583
"Control","CON","58","Advanced4","SP1","con","CON_58",31864,40296,41581,"NO3_mg_gdw",0.00834153554166667
"Control","CON","58","Advanced4","SP1","con","CON_58",31864,40296,41581,"NO3_ug_gdw",8.34153556572917
"Control","CON","58","Advanced4","SP1","con","CON_58",31864,40296,41581,"N_percent",0.485895833333333
"Control","CON","58","Advanced4","SP1","con","CON_58",31864,40296,41581,"C_percent",6.29072916666667
"Control","CON","58","Advanced4","SP1","con","CON_58",31864,40296,41581,"CN_ratio",12.7550375
"Control","CON","58","Advanced4","SP1","con","CON_58",31864,40296,41581,"temp_ambient",21.5
"Control","CON","58","Advanced4","SP1","con","CON_58",31864,40296,41581,"temp_soil",21.6
"Decomposition","SP1","58","Advanced4","SP1","d.58","SP1_58",31864,40296,41581,"Gravimetric_moisture",0.4484675693125
"Decomposition","SP1","58","Advanced4","SP1","d.58","SP1_58",31864,40296,41581,"pH",6.33
"Decomposition","SP1","58","Advanced4","SP1","d.58","SP1_58",31864,40296,41581,"EC",663.21875
"Decomposition","SP1","58","Advanced4","SP1","d.58","SP1_58",31864,40296,41581,"DO",63
"Decomposition","SP1","58","Advanced4","SP1","d.58","SP1_58",31864,40296,41581,"CO2_umol_gdw",58.520309980625
"Decomposition","SP1","58","Advanced4","SP1","d.58","SP1_58",31864,40296,41581,"CO2_ug_gdw",702.2437196875
"Decomposition","SP1","58","Advanced4","SP1","d.58","SP1_58",31864,40296,41581,"NH4_mg_gdw",0.8669895139375
"Decomposition","SP1","58","Advanced4","SP1","d.58","SP1_58",31864,40296,41581,"NH4_ug_gdw",866.98951384375
"Decomposition","SP1","58","Advanced4","SP1","d.58","SP1_58",31864,40296,41581,"NO3_mg_gdw",0.0062539654375
"Decomposition","SP1","58","Advanced4","SP1","d.58","SP1_58",31864,40296,41581,"NO3_ug_gdw",6.253965495875
"Decomposition","SP1","58","Advanced4","SP1","d.58","SP1_58",31864,40296,41581,"N_percent",0.7345
"Decomposition","SP1","58","Advanced4","SP1","d.58","SP1_58",31864,40296,41581,"C_percent",10.4449375
"Decomposition","SP1","58","Advanced4","SP1","d.58","SP1_58",31864,40296,41581,"CN_ratio",14.163525
"Decomposition","SP1","58","Advanced4","SP1","d.58","SP1_58",31864,40296,41581,"temp_ambient",21.5
"Decomposition","SP1","58","Advanced4","SP1","d.58","SP1_58",31864,40296,41581,"temp_soil",28.3999996185303
"Decomposition","SP2","58","Advanced4","SP2","d.58","SP2_58",31864,40296,41581,"Gravimetric_moisture",0.4764435093125
"Decomposition","SP2","58","Advanced4","SP2","d.58","SP2_58",31864,40296,41581,"pH",6.389375
"Decomposition","SP2","58","Advanced4","SP2","d.58","SP2_58",31864,40296,41581,"EC",337.3
"Decomposition","SP2","58","Advanced4","SP2","d.58","SP2_58",31864,40296,41581,"DO",71.6
"Decomposition","SP2","58","Advanced4","SP2","d.58","SP2_58",31864,40296,41581,"CO2_umol_gdw",64.4292396075
"Decomposition","SP2","58","Advanced4","SP2","d.58","SP2_58",31864,40296,41581,"CO2_ug_gdw",773.15087525625
"Decomposition","SP2","58","Advanced4","SP2","d.58","SP2_58",31864,40296,41581,"NH4_mg_gdw",0.1127916713125
"Decomposition","SP2","58","Advanced4","SP2","d.58","SP2_58",31864,40296,41581,"NH4_ug_gdw",112.791671734375
"Decomposition","SP2","58","Advanced4","SP2","d.58","SP2_58",31864,40296,41581,"NO3_mg_gdw",0.0004135965
"Decomposition","SP2","58","Advanced4","SP2","d.58","SP2_58",31864,40296,41581,"NO3_ug_gdw",0.413596781
"Decomposition","SP2","58","Advanced4","SP2","d.58","SP2_58",31864,40296,41581,"N_percent",0.92
"Decomposition","SP2","58","Advanced4","SP2","d.58","SP2_58",31864,40296,41581,"C_percent",11.831125
"Decomposition","SP2","58","Advanced4","SP2","d.58","SP2_58",31864,40296,41581,"CN_ratio",12.8132875
"Decomposition","SP2","58","Advanced4","SP2","d.58","SP2_58",31864,40296,41581,"temp_ambient",21.5
"Decomposition","SP2","58","Advanced4","SP2","d.58","SP2_58",31864,40296,41581,"temp_soil",28.8999996185303
"Decomposition","SP3","58","Advanced4","SP3","d.58","SP3_58",31864,40296,41581,"Gravimetric_moisture",0.4345413809375
"Decomposition","SP3","58","Advanced4","SP3","d.58","SP3_58",31864,40296,41581,"pH",6.4325
"Decomposition","SP3","58","Advanced4","SP3","d.58","SP3_58",31864,40296,41581,"EC",272.3
"Decomposition","SP3","58","Advanced4","SP3","d.58","SP3_58",31864,40296,41581,"DO",87
"Decomposition","SP3","58","Advanced4","SP3","d.58","SP3_58",31864,40296,41581,"CO2_umol_gdw",47.29908281125
"Decomposition","SP3","58","Advanced4","SP3","d.58","SP3_58",31864,40296,41581,"CO2_ug_gdw",567.5889937875
"Decomposition","SP3","58","Advanced4","SP3","d.58","SP3_58",31864,40296,41581,"NH4_mg_gdw",0.0954840015
"Decomposition","SP3","58","Advanced4","SP3","d.58","SP3_58",31864,40296,41581,"NH4_ug_gdw",95.484001115625
"Decomposition","SP3","58","Advanced4","SP3","d.58","SP3_58",31864,40296,41581,"NO3_mg_gdw",0.0036189848125
"Decomposition","SP3","58","Advanced4","SP3","d.58","SP3_58",31864,40296,41581,"NO3_ug_gdw",3.6189848800625
"Decomposition","SP3","58","Advanced4","SP3","d.58","SP3_58",31864,40296,41581,"N_percent",0.6036875
"Decomposition","SP3","58","Advanced4","SP3","d.58","SP3_58",31864,40296,41581,"C_percent",8.7991875
"Decomposition","SP3","58","Advanced4","SP3","d.58","SP3_58",31864,40296,41581,"CN_ratio",14.66931875
"Decomposition","SP3","58","Advanced4","SP3","d.58","SP3_58",31864,40296,41581,"temp_ambient",21.5
"Decomposition","SP3","58","Advanced4","SP3","d.58","SP3_58",31864,40296,41581,"temp_soil",26.8999996185303
"Control","CON","86","Advanced6","SP1","con","CON_86",48562,60190,61203,"Gravimetric_moisture",0.3733934581875
"Control","CON","86","Advanced6","SP1","con","CON_86",48562,60190,61203,"pH",7.175625
"Control","CON","86","Advanced6","SP1","con","CON_86",48562,60190,61203,"EC",41.0029166666667
"Control","CON","86","Advanced6","SP1","con","CON_86",48562,60190,61203,"DO",97.7666666666667
"Control","CON","86","Advanced6","SP1","con","CON_86",48562,60190,61203,"CO2_umol_gdw",1.92560353704167
"Control","CON","86","Advanced6","SP1","con","CON_86",48562,60190,61203,"CO2_ug_gdw",23.1072424439583
"Control","CON","86","Advanced6","SP1","con","CON_86",48562,60190,61203,"NH4_mg_gdw",0.007111052625
"Control","CON","86","Advanced6","SP1","con","CON_86",48562,60190,61203,"NH4_ug_gdw",7.11105244997917
"Control","CON","86","Advanced6","SP1","con","CON_86",48562,60190,61203,"NO3_mg_gdw",0.0082503671875
"Control","CON","86","Advanced6","SP1","con","CON_86",48562,60190,61203,"NO3_ug_gdw",8.2503671494375
"Control","CON","86","Advanced6","SP1","con","CON_86",48562,60190,61203,"N_percent",0.5020625
"Control","CON","86","Advanced6","SP1","con","CON_86",48562,60190,61203,"C_percent",6.53264583333333
"Control","CON","86","Advanced6","SP1","con","CON_86",48562,60190,61203,"CN_ratio",12.9545
"Control","CON","86","Advanced6","SP1","con","CON_86",48562,60190,61203,"temp_ambient",20.8
"Control","CON","86","Advanced6","SP1","con","CON_86",48562,60190,61203,"temp_soil",21.5
"Decomposition","SP1","86","Advanced6","SP1","d.86","SP1_86",48562,60190,61203,"Gravimetric_moisture",0.4700395618125
"Decomposition","SP1","86","Advanced6","SP1","d.86","SP1_86",48562,60190,61203,"pH",6.230625
"Decomposition","SP1","86","Advanced6","SP1","d.86","SP1_86",48562,60190,61203,"EC",542.28125
"Decomposition","SP1","86","Advanced6","SP1","d.86","SP1_86",48562,60190,61203,"DO",72
"Decomposition","SP1","86","Advanced6","SP1","d.86","SP1_86",48562,60190,61203,"CO2_umol_gdw",55.73917413125
"Decomposition","SP1","86","Advanced6","SP1","d.86","SP1_86",48562,60190,61203,"CO2_ug_gdw",668.8700896875
"Decomposition","SP1","86","Advanced6","SP1","d.86","SP1_86",48562,60190,61203,"NH4_mg_gdw",0.84917616425
"Decomposition","SP1","86","Advanced6","SP1","d.86","SP1_86",48562,60190,61203,"NH4_ug_gdw",849.176163875
"Decomposition","SP1","86","Advanced6","SP1","d.86","SP1_86",48562,60190,61203,"NO3_mg_gdw",0.0251504526875
"Decomposition","SP1","86","Advanced6","SP1","d.86","SP1_86",48562,60190,61203,"NO3_ug_gdw",25.1504528198125
"Decomposition","SP1","86","Advanced6","SP1","d.86","SP1_86",48562,60190,61203,"N_percent",0.518875
"Decomposition","SP1","86","Advanced6","SP1","d.86","SP1_86",48562,60190,61203,"C_percent",7.2506875
"Decomposition","SP1","86","Advanced6","SP1","d.86","SP1_86",48562,60190,61203,"CN_ratio",13.49555
"Decomposition","SP1","86","Advanced6","SP1","d.86","SP1_86",48562,60190,61203,"temp_ambient",20.8
"Decomposition","SP1","86","Advanced6","SP1","d.86","SP1_86",48562,60190,61203,"temp_soil",26.1000003814697
"Decomposition","SP2","86","Advanced6","SP2","d.86","SP2_86",48562,60190,61203,"Gravimetric_moisture",0.4484804486875
"Decomposition","SP2","86","Advanced6","SP2","d.86","SP2_86",48562,60190,61203,"pH",6.715625
"Decomposition","SP2","86","Advanced6","SP2","d.86","SP2_86",48562,60190,61203,"EC",216.71875
"Decomposition","SP2","86","Advanced6","SP2","d.86","SP2_86",48562,60190,61203,"DO",88.2
"Decomposition","SP2","86","Advanced6","SP2","d.86","SP2_86",48562,60190,61203,"CO2_umol_gdw",11.6764979609375
"Decomposition","SP2","86","Advanced6","SP2","d.86","SP2_86",48562,60190,61203,"CO2_ug_gdw",140.1179755625
"Decomposition","SP2","86","Advanced6","SP2","d.86","SP2_86",48562,60190,61203,"NH4_mg_gdw",0.123448368375
"Decomposition","SP2","86","Advanced6","SP2","d.86","SP2_86",48562,60190,61203,"NH4_ug_gdw",123.44836803125
"Decomposition","SP2","86","Advanced6","SP2","d.86","SP2_86",48562,60190,61203,"NO3_mg_gdw",0.0372659473125
"Decomposition","SP2","86","Advanced6","SP2","d.86","SP2_86",48562,60190,61203,"NO3_ug_gdw",37.2659471125
"Decomposition","SP2","86","Advanced6","SP2","d.86","SP2_86",48562,60190,61203,"N_percent",0.4720625
"Decomposition","SP2","86","Advanced6","SP2","d.86","SP2_86",48562,60190,61203,"C_percent",6.2299375
"Decomposition","SP2","86","Advanced6","SP2","d.86","SP2_86",48562,60190,61203,"CN_ratio",13.1198625
"Decomposition","SP2","86","Advanced6","SP2","d.86","SP2_86",48562,60190,61203,"temp_ambient",20.8
"Decomposition","SP2","86","Advanced6","SP2","d.86","SP2_86",48562,60190,61203,"temp_soil",24.2000007629395
"Decomposition","SP3","86","Advanced6","SP3","d.86","SP3_86",48562,60190,61203,"Gravimetric_moisture",0.4626546668125
"Decomposition","SP3","86","Advanced6","SP3","d.86","SP3_86",48562,60190,61203,"pH",6.5075
"Decomposition","SP3","86","Advanced6","SP3","d.86","SP3_86",48562,60190,61203,"EC",259.71875
"Decomposition","SP3","86","Advanced6","SP3","d.86","SP3_86",48562,60190,61203,"DO",94.3
"Decomposition","SP3","86","Advanced6","SP3","d.86","SP3_86",48562,60190,61203,"CO2_umol_gdw",28.869620745625
"Decomposition","SP3","86","Advanced6","SP3","d.86","SP3_86",48562,60190,61203,"CO2_ug_gdw",346.43544896875
"Decomposition","SP3","86","Advanced6","SP3","d.86","SP3_86",48562,60190,61203,"NH4_mg_gdw",0.237978755875
"Decomposition","SP3","86","Advanced6","SP3","d.86","SP3_86",48562,60190,61203,"NH4_ug_gdw",237.9787556625
"Decomposition","SP3","86","Advanced6","SP3","d.86","SP3_86",48562,60190,61203,"NO3_mg_gdw",0.007667035125
"Decomposition","SP3","86","Advanced6","SP3","d.86","SP3_86",48562,60190,61203,"NO3_ug_gdw",7.667034845625
"Decomposition","SP3","86","Advanced6","SP3","d.86","SP3_86",48562,60190,61203,"N_percent",0.4768125
"Decomposition","SP3","86","Advanced6","SP3","d.86","SP3_86",48562,60190,61203,"C_percent",6.540375
"Decomposition","SP3","86","Advanced6","SP3","d.86","SP3_86",48562,60190,61203,"CN_ratio",13.48438125
"Decomposition","SP3","86","Advanced6","SP3","d.86","SP3_86",48562,60190,61203,"temp_ambient",20.8
"Decomposition","SP3","86","Advanced6","SP3","d.86","SP3_86",48562,60190,61203,"temp_soil",27
"Control","CON","168","Advanced11","SP1","con","CON_168",93873,107592,107850,"Gravimetric_moisture",0.4595514710625
"Control","CON","168","Advanced11","SP1","con","CON_168",93873,107592,107850,"pH",7.16270833333333
"Control","CON","168","Advanced11","SP1","con","CON_168",93873,107592,107850,"EC",48.5541666666667
"Control","CON","168","Advanced11","SP1","con","CON_168",93873,107592,107850,"DO",100.466666666667
"Control","CON","168","Advanced11","SP1","con","CON_168",93873,107592,107850,"CO2_umol_gdw",1.72047167066667
"Control","CON","168","Advanced11","SP1","con","CON_168",93873,107592,107850,"CO2_ug_gdw",20.645660044375
"Control","CON","168","Advanced11","SP1","con","CON_168",93873,107592,107850,"NH4_mg_gdw",0.00619462764583333
"Control","CON","168","Advanced11","SP1","con","CON_168",93873,107592,107850,"NH4_ug_gdw",6.1946277065
"Control","CON","168","Advanced11","SP1","con","CON_168",93873,107592,107850,"NO3_mg_gdw",0.00886313264583333
"Control","CON","168","Advanced11","SP1","con","CON_168",93873,107592,107850,"NO3_ug_gdw",8.86313262783333
"Control","CON","168","Advanced11","SP1","con","CON_168",93873,107592,107850,"N_percent",0.513708333333333
"Control","CON","168","Advanced11","SP1","con","CON_168",93873,107592,107850,"C_percent",7.737875
"Control","CON","168","Advanced11","SP1","con","CON_168",93873,107592,107850,"CN_ratio",14.91344375
"Control","CON","168","Advanced11","SP1","con","CON_168",93873,107592,107850,"temp_ambient",11.8
"Control","CON","168","Advanced11","SP1","con","CON_168",93873,107592,107850,"temp_soil",14.1
"Decomposition","SP1","168","Advanced11","SP1","d.168","SP1_168",93873,107592,107850,"Gravimetric_moisture",0.4640031381875
"Decomposition","SP1","168","Advanced11","SP1","d.168","SP1_168",93873,107592,107850,"pH",6.25875
"Decomposition","SP1","168","Advanced11","SP1","d.168","SP1_168",93873,107592,107850,"EC",268.575
"Decomposition","SP1","168","Advanced11","SP1","d.168","SP1_168",93873,107592,107850,"DO",96.1
"Decomposition","SP1","168","Advanced11","SP1","d.168","SP1_168",93873,107592,107850,"CO2_umol_gdw",11.860820145625
"Decomposition","SP1","168","Advanced11","SP1","d.168","SP1_168",93873,107592,107850,"CO2_ug_gdw",142.3298417625
"Decomposition","SP1","168","Advanced11","SP1","d.168","SP1_168",93873,107592,107850,"NH4_mg_gdw",0.1433452426875
"Decomposition","SP1","168","Advanced11","SP1","d.168","SP1_168",93873,107592,107850,"NH4_ug_gdw",143.345242875
"Decomposition","SP1","168","Advanced11","SP1","d.168","SP1_168",93873,107592,107850,"NO3_mg_gdw",0.0687639060625
"Decomposition","SP1","168","Advanced11","SP1","d.168","SP1_168",93873,107592,107850,"NO3_ug_gdw",68.763905828125
"Decomposition","SP1","168","Advanced11","SP1","d.168","SP1_168",93873,107592,107850,"N_percent",0.651
"Decomposition","SP1","168","Advanced11","SP1","d.168","SP1_168",93873,107592,107850,"C_percent",7.5939375
"Decomposition","SP1","168","Advanced11","SP1","d.168","SP1_168",93873,107592,107850,"CN_ratio",12.25091875
"Decomposition","SP1","168","Advanced11","SP1","d.168","SP1_168",93873,107592,107850,"temp_ambient",11.8
"Decomposition","SP1","168","Advanced11","SP1","d.168","SP1_168",93873,107592,107850,"temp_soil",14.8000001907349
"Decomposition","SP2","168","Advanced11","SP2","d.168","SP2_168",93873,107592,107850,"Gravimetric_moisture",0.378754237
"Decomposition","SP2","168","Advanced11","SP2","d.168","SP2_168",93873,107592,107850,"pH",5.994375
"Decomposition","SP2","168","Advanced11","SP2","d.168","SP2_168",93873,107592,107850,"EC",337.2375
"Decomposition","SP2","168","Advanced11","SP2","d.168","SP2_168",93873,107592,107850,"DO",101.4
"Decomposition","SP2","168","Advanced11","SP2","d.168","SP2_168",93873,107592,107850,"CO2_umol_gdw",2.8639665304375
"Decomposition","SP2","168","Advanced11","SP2","d.168","SP2_168",93873,107592,107850,"CO2_ug_gdw",34.3675983625
"Decomposition","SP2","168","Advanced11","SP2","d.168","SP2_168",93873,107592,107850,"NH4_mg_gdw",0.0458355956875
"Decomposition","SP2","168","Advanced11","SP2","d.168","SP2_168",93873,107592,107850,"NH4_ug_gdw",45.8355956625
"Decomposition","SP2","168","Advanced11","SP2","d.168","SP2_168",93873,107592,107850,"NO3_mg_gdw",0.098073868375
"Decomposition","SP2","168","Advanced11","SP2","d.168","SP2_168",93873,107592,107850,"NO3_ug_gdw",98.0738687375
"Decomposition","SP2","168","Advanced11","SP2","d.168","SP2_168",93873,107592,107850,"N_percent",0.47975
"Decomposition","SP2","168","Advanced11","SP2","d.168","SP2_168",93873,107592,107850,"C_percent",5.9949375
"Decomposition","SP2","168","Advanced11","SP2","d.168","SP2_168",93873,107592,107850,"CN_ratio",12.65659375
"Decomposition","SP2","168","Advanced11","SP2","d.168","SP2_168",93873,107592,107850,"temp_ambient",11.8
"Decomposition","SP2","168","Advanced11","SP2","d.168","SP2_168",93873,107592,107850,"temp_soil",14.6999998092651
"Decomposition","SP3","168","Advanced11","SP3","d.168","SP3_168",93873,107592,107850,"Gravimetric_moisture",0.642081332625
"Decomposition","SP3","168","Advanced11","SP3","d.168","SP3_168",93873,107592,107850,"pH",6.453125
"Decomposition","SP3","168","Advanced11","SP3","d.168","SP3_168",93873,107592,107850,"EC",141.1375
"Decomposition","SP3","168","Advanced11","SP3","d.168","SP3_168",93873,107592,107850,"DO",101.4
"Decomposition","SP3","168","Advanced11","SP3","d.168","SP3_168",93873,107592,107850,"CO2_umol_gdw",9.12655623125
"Decomposition","SP3","168","Advanced11","SP3","d.168","SP3_168",93873,107592,107850,"CO2_ug_gdw",109.51867474375
"Decomposition","SP3","168","Advanced11","SP3","d.168","SP3_168",93873,107592,107850,"NH4_mg_gdw",0.0290137491875
"Decomposition","SP3","168","Advanced11","SP3","d.168","SP3_168",93873,107592,107850,"NH4_ug_gdw",29.01374953125
"Decomposition","SP3","168","Advanced11","SP3","d.168","SP3_168",93873,107592,107850,"NO3_mg_gdw",0.0362353058125
"Decomposition","SP3","168","Advanced11","SP3","d.168","SP3_168",93873,107592,107850,"NO3_ug_gdw",36.2353054875
"Decomposition","SP3","168","Advanced11","SP3","d.168","SP3_168",93873,107592,107850,"N_percent",1.302375
"Decomposition","SP3","168","Advanced11","SP3","d.168","SP3_168",93873,107592,107850,"C_percent",16.3119375
"Decomposition","SP3","168","Advanced11","SP3","d.168","SP3_168",93873,107592,107850,"CN_ratio",12.5280875
"Decomposition","SP3","168","Advanced11","SP3","d.168","SP3_168",93873,107592,107850,"temp_ambient",11.8
"Decomposition","SP3","168","Advanced11","SP3","d.168","SP3_168",93873,107592,107850,"temp_soil",16.5
"Control","CON","376","Skeletonization4","SP1","con","CON_376",143017,156051,159517,"Gravimetric_moisture",0.531303082
"Control","CON","376","Skeletonization4","SP1","con","CON_376",143017,156051,159517,"pH",7.41583333333333
"Control","CON","376","Skeletonization4","SP1","con","CON_376",143017,156051,159517,"EC",33.2145833333333
"Control","CON","376","Skeletonization4","SP1","con","CON_376",143017,156051,159517,"DO",NA
"Control","CON","376","Skeletonization4","SP1","con","CON_376",143017,156051,159517,"CO2_umol_gdw",1.98760824354167
"Control","CON","376","Skeletonization4","SP1","con","CON_376",143017,156051,159517,"CO2_ug_gdw",23.8512989202083
"Control","CON","376","Skeletonization4","SP1","con","CON_376",143017,156051,159517,"NH4_mg_gdw",0.00439352979166667
"Control","CON","376","Skeletonization4","SP1","con","CON_376",143017,156051,159517,"NH4_ug_gdw",4.39352990439583
"Control","CON","376","Skeletonization4","SP1","con","CON_376",143017,156051,159517,"NO3_mg_gdw",0.00484431589583333
"Control","CON","376","Skeletonization4","SP1","con","CON_376",143017,156051,159517,"NO3_ug_gdw",4.84431596122917
"Control","CON","376","Skeletonization4","SP1","con","CON_376",143017,156051,159517,"N_percent",0.5679375
"Control","CON","376","Skeletonization4","SP1","con","CON_376",143017,156051,159517,"C_percent",7.94141666666667
"Control","CON","376","Skeletonization4","SP1","con","CON_376",143017,156051,159517,"CN_ratio",13.9746270833333
"Control","CON","376","Skeletonization4","SP1","con","CON_376",143017,156051,159517,"temp_ambient",13.6
"Control","CON","376","Skeletonization4","SP1","con","CON_376",143017,156051,159517,"temp_soil",15.2
"Decomposition","SP1","376","Skeletonization4","SP1","d.376","SP1_376",143017,156051,159517,"Gravimetric_moisture",0.6230155526875
"Decomposition","SP1","376","Skeletonization4","SP1","d.376","SP1_376",143017,156051,159517,"pH",7.42875
"Decomposition","SP1","376","Skeletonization4","SP1","d.376","SP1_376",143017,156051,159517,"EC",77.088125
"Decomposition","SP1","376","Skeletonization4","SP1","d.376","SP1_376",143017,156051,159517,"DO",NA
"Decomposition","SP1","376","Skeletonization4","SP1","d.376","SP1_376",143017,156051,159517,"CO2_umol_gdw",8.90568938975
"Decomposition","SP1","376","Skeletonization4","SP1","d.376","SP1_376",143017,156051,159517,"CO2_ug_gdw",106.86827270625
"Decomposition","SP1","376","Skeletonization4","SP1","d.376","SP1_376",143017,156051,159517,"NH4_mg_gdw",0.0360227095
"Decomposition","SP1","376","Skeletonization4","SP1","d.376","SP1_376",143017,156051,159517,"NH4_ug_gdw",36.022709135
"Decomposition","SP1","376","Skeletonization4","SP1","d.376","SP1_376",143017,156051,159517,"NO3_mg_gdw",0.0012740409375
"Decomposition","SP1","376","Skeletonization4","SP1","d.376","SP1_376",143017,156051,159517,"NO3_ug_gdw",1.2740410271875
"Decomposition","SP1","376","Skeletonization4","SP1","d.376","SP1_376",143017,156051,159517,"N_percent",0.5409375
"Decomposition","SP1","376","Skeletonization4","SP1","d.376","SP1_376",143017,156051,159517,"C_percent",7.503375
"Decomposition","SP1","376","Skeletonization4","SP1","d.376","SP1_376",143017,156051,159517,"CN_ratio",13.9443
"Decomposition","SP1","376","Skeletonization4","SP1","d.376","SP1_376",143017,156051,159517,"temp_ambient",13.6
"Decomposition","SP1","376","Skeletonization4","SP1","d.376","SP1_376",143017,156051,159517,"temp_soil",14.8999996185303
"Decomposition","SP2","376","Skeletonization4","SP2","d.376","SP2_376",143017,156051,159517,"Gravimetric_moisture",0.527602755875
"Decomposition","SP2","376","Skeletonization4","SP2","d.376","SP2_376",143017,156051,159517,"pH",5.935625
"Decomposition","SP2","376","Skeletonization4","SP2","d.376","SP2_376",143017,156051,159517,"EC",171.75125
"Decomposition","SP2","376","Skeletonization4","SP2","d.376","SP2_376",143017,156051,159517,"DO",NA
"Decomposition","SP2","376","Skeletonization4","SP2","d.376","SP2_376",143017,156051,159517,"CO2_umol_gdw",3.1386779933125
"Decomposition","SP2","376","Skeletonization4","SP2","d.376","SP2_376",143017,156051,159517,"CO2_ug_gdw",37.66413591625
"Decomposition","SP2","376","Skeletonization4","SP2","d.376","SP2_376",143017,156051,159517,"NH4_mg_gdw",0.008731245125
"Decomposition","SP2","376","Skeletonization4","SP2","d.376","SP2_376",143017,156051,159517,"NH4_ug_gdw",8.7312448859375
"Decomposition","SP2","376","Skeletonization4","SP2","d.376","SP2_376",143017,156051,159517,"NO3_mg_gdw",0.0514451695625
"Decomposition","SP2","376","Skeletonization4","SP2","d.376","SP2_376",143017,156051,159517,"NO3_ug_gdw",51.44516964625
"Decomposition","SP2","376","Skeletonization4","SP2","d.376","SP2_376",143017,156051,159517,"N_percent",0.67625
"Decomposition","SP2","376","Skeletonization4","SP2","d.376","SP2_376",143017,156051,159517,"C_percent",8.277
"Decomposition","SP2","376","Skeletonization4","SP2","d.376","SP2_376",143017,156051,159517,"CN_ratio",12.24040625
"Decomposition","SP2","376","Skeletonization4","SP2","d.376","SP2_376",143017,156051,159517,"temp_ambient",13.6
"Decomposition","SP2","376","Skeletonization4","SP2","d.376","SP2_376",143017,156051,159517,"temp_soil",15.5
"Decomposition","SP3","376","Skeletonization4","SP3","d.376","SP3_376",143017,156051,159517,"Gravimetric_moisture",0.5990122611875
"Decomposition","SP3","376","Skeletonization4","SP3","d.376","SP3_376",143017,156051,159517,"pH",6.368125
"Decomposition","SP3","376","Skeletonization4","SP3","d.376","SP3_376",143017,156051,159517,"EC",80.93125
"Decomposition","SP3","376","Skeletonization4","SP3","d.376","SP3_376",143017,156051,159517,"DO",NA
"Decomposition","SP3","376","Skeletonization4","SP3","d.376","SP3_376",143017,156051,159517,"CO2_umol_gdw",9.64587061375
"Decomposition","SP3","376","Skeletonization4","SP3","d.376","SP3_376",143017,156051,159517,"CO2_ug_gdw",115.7504474
"Decomposition","SP3","376","Skeletonization4","SP3","d.376","SP3_376",143017,156051,159517,"NH4_mg_gdw",0.12938152275
"Decomposition","SP3","376","Skeletonization4","SP3","d.376","SP3_376",143017,156051,159517,"NH4_ug_gdw",129.38152239375
"Decomposition","SP3","376","Skeletonization4","SP3","d.376","SP3_376",143017,156051,159517,"NO3_mg_gdw",0.0401779900625
"Decomposition","SP3","376","Skeletonization4","SP3","d.376","SP3_376",143017,156051,159517,"NO3_ug_gdw",40.177989975
"Decomposition","SP3","376","Skeletonization4","SP3","d.376","SP3_376",143017,156051,159517,"N_percent",0.636625
"Decomposition","SP3","376","Skeletonization4","SP3","d.376","SP3_376",143017,156051,159517,"C_percent",9.93225
"Decomposition","SP3","376","Skeletonization4","SP3","d.376","SP3_376",143017,156051,159517,"CN_ratio",15.60456875
"Decomposition","SP3","376","Skeletonization4","SP3","d.376","SP3_376",143017,156051,159517,"temp_ambient",13.6
"Decomposition","SP3","376","Skeletonization4","SP3","d.376","SP3_376",143017,156051,159517,"temp_soil",16.2999992370605
